,Year,Conversions,Baptisms,New Church Sponsor,Compassionate Ministry,Doctrine of Holiness Preached,Full Church Members Reported Last Year,Received by Profession of Faith,Received from Other Denominations,Received by Transfer,Total Gains,Lost by Death,Lost by Removal,Lost by Commendation,Lost by Release,"Lost by Removal, Commendation, or Release",Lost by Transfer to Other Nazarene Churches,Total Losses,Full Church Members End of Year,Inactive Church Members,Fellowship Church Members,Weekly Corporate Worship,Communion Served,Prayer Meetings,Total Children’s SDMI Responsibility List,Average Weekly Children’s SDMI Attendance,Total Youth SDMI Responsibility List,Average Weekly Youth SDMI Attendance,Total Adult SDMI Responsibility List,Average Weekly Adult SDMI Attendance,Total SDMI Responsibility List,Average Weekly SDMI Attendance,Total Average Weekly Sunday School Attendance,Total Average Weekly Discipleship Groups Attendance,Actively Involved in Ministry,Operate a Child Development Center?,Enrolled Child Development Center,Provide Lay Ministry Training?,VBS Enrollment,Caravan Enrollment,NYI Membership,NMI Active Membership,NMI Associate Membership,Licensed Local Ministers,Lay Ministry Certificates Issued,Total Church Income,World Evangelism Fund,Approved Mission Specials,Other Global Interests,Total Given to Global Mission,Pension Fund,District  Ministry Funds,Other District Interests,Total Given to District Mission,Assigned Educational Institution,Other Nazarene Educational Instituions,Total Given to Education Funds,"Buildings, Properties and Capital Improvements",Debt Service,"Pastor, Associate, and Support Staff Salaries","Pastor, Associate, and Support Staff Benefits",Local Compassionate Ministries,All Other Church Ministries,Total Used for Local Mission,Total Missional Disbursements,Value of Church Properties,Indebtedness on Those Properties,Allocation Paid in Full?,Percentage Paid,Fund Allocation Paid in Full?,Fund Percentage Paid,Fund Allocation Paid in Full?,Fund Percentage Paid,Fund Allocation Paid in Full?,Allocations Paid in Full?,Given for Global Missions
0,2021,10.0,2,0.0,Yes,Yes,154,2.0,0.0,0.0,2,1.0,0,0,0,0.0,0,1,155,75,0,120.0,6,5.0,36,25.0,34,20.0,101,75.0,171,120,25,49,75.0,No,,Yes,0,0,23,80,105.0,0.0,0.0,273851.0,14353,1377,0,15730,5924,5450,0,5450,0,25.0,25,15285,28095,95593,24000,250,10318,173541,200670,2000000,175467.0,Yes,1.011,Yes,1.02,No,0.0,No,No,0.06094
1,2020,10.0,2,0.0,Yes,Yes,154,0.0,0.0,0.0,0,0.0,0,0,0,0.0,0,0,154,75,0,120.0,14,5.0,36,25.0,34,20.0,101,75.0,171,120,25,49,75.0,No,,Yes,55,0,23,80,105.0,0.0,0.0,251094.0,13032,1232,0,14264,5406,13624,0,13624,4723,25.0,4748,48680,24902,89880,33187,350,15531,212530,250572,2000000,194449.0,Yes,1.001,Yes,1.015,No,0.886,No,No,0.06022
2,2019,10.0,2,0.0,Yes,Yes,153,2.0,0.0,0.0,2,1.0,0,0,0,0.0,0,1,154,75,0,122.0,14,5.0,45,33.0,26,18.0,102,54.0,173,105,21,33,110.0,No,,Yes,65,0,26,80,105.0,0.0,0.0,265590.0,13891,1929,0,15820,5678,14936,0,14936,5678,0.0,5678,4645,45652,66556,44186,1390,71339,233768,275880,2000000,166043.0,Yes,1.01,Yes,1.009,Yes,1.009,Yes,Yes,0.06327
3,2018,10.0,3,0.0,Yes,Yes,146,6.0,0.0,1.0,7,0.0,0,0,0,0.0,0,0,153,75,0,122.0,16,5.0,56,33.0,20,12.0,117,54.0,193,99,21,33,193.0,No,,Yes,80,0,25,80,105.0,0.0,0.0,260000.0,13607,1693,0,15300,5533,16104,0,16104,5533,25.0,5558,8840,49776,61901,44186,1950,77935,244588,287083,2000000,372364.0,Yes,1.01,Yes,1.004,Yes,1.004,Yes,Yes,0.06246
4,2017,8.0,0,0.0,Yes,Yes,205,2.0,0.0,0.0,2,1.0,60,0,0,60.0,0,61,146,66,0,133.0,16,4.0,65,35.0,24,12.0,111,57.0,200,104,28,34,175.0,No,,No,62,0,24,80,105.0,0.0,0.0,288406.0,15134,2650,0,17784,6142,15168,0,15168,6142,0.0,6142,5367,49776,63587,48106,0,92816,259652,304888,2000000,404690.0,Yes,1.011,Yes,1.003,Yes,1.003,Yes,Yes,0.06536
5,2016,10.0,4,0.0,Yes,Yes,205,2.0,0.0,0.0,2,0.0,0,0,0,0.0,2,2,205,118,0,143.0,14,4.0,58,45.0,26,16.0,130,57.0,214,118,30,43,50.0,No,,No,75,0,30,80,105.0,0.0,0.0,325075.0,16955,17381,0,34336,6926,10736,0,10736,4589,0.0,4589,12766,69776,59434,46103,237,72905,261221,317808,2000000,435495.0,Yes,1.01,Yes,1.008,No,0.668,No,No,0.11246
6,2015,10.0,6,0.0,Yes,Yes,213,5.0,0.0,0.0,5,0.0,13,0,0,13.0,0,13,205,118,0,143.0,14,4.0,58,45.0,20,10.0,180,65.0,258,120,25,34,75.0,No,,No,115,0,20,80,105.0,0.0,0.0,238128.0,11525,16842,0,28367,3773,6692,0,6692,3773,25.0,3798,11592,49776,59456,44811,297,75214,241146,283776,2000000,484437.0,No,0.936,No,0.747,No,0.747,No,No,0.12631
7,2014,10.0,0,0.0,Yes,Yes,213,2.0,0.0,2.0,4,4.0,0,0,0,0.0,0,4,213,90,0,145.0,14,3.0,58,45.0,25,14.0,180,65.0,263,124,24,34,75.0,No,,No,125,0,20,75,100.0,0.0,0.0,283784.0,14687,16913,0,31600,6018,6017,0,6017,0,25.0,25,18350,49776,56741,46744,701,81027,253339,296999,2000000,511801.0,Yes,1.008,Yes,1.009,No,0.0,No,No,0.11924
8,2013,10.0,3,0.0,Yes,Yes,215,4.0,0.0,2.0,6,1.0,0,1,4,5.0,2,8,213,85,0,149.0,14,3.0,54,45.0,30,12.0,180,61.0,264,118,30,55,75.0,No,,,150,0,20,75,100.0,0.0,,280814.0,14544,17133,0,31677,5954,17199,0,17199,5953,50.0,6003,10468,54203,57317,45430,5482,79404,252304,313137,2000000,537972.0,Yes,1.0,Yes,1.001,Yes,1.001,Yes,Yes,0.11979
9,2012,15.0,0,0.0,Yes,Yes,203,14.0,0.0,3.0,17,1.0,0,0,1,1.0,3,5,215,95,0,162.0,14,3.0,68,46.0,26,12.0,168,62.0,262,120,26,94,76.0,No,,,134,0,26,75,100.0,1.0,,298692.0,15626,2796,0,18422,5665,18126,0,18126,7077,0.0,7077,25059,55089,54762,44034,1140,90163,270247,319537,2000000,552521.0,Yes,1.012,Yes,1.009,Yes,1.008,Yes,Yes,0.06559
10,2011,20.0,4,0.0,Yes,Yes,205,4.0,0.0,0.0,4,2.0,0,0,0,0.0,4,6,203,87,0,170.0,15,3.0,68,23.0,28,17.0,172,38.0,268,78,29,78,,No,,,75,0,48,95,120.0,,,299534.0,15618,2637,0,18255,5646,17535,0,17535,7056,25.0,7081,12000,55089,138505,14905,714,49028,270241,318758,2000000,571832.0,Yes,,Yes,,Yes,,Yes,Yes,0.06467
11,2010,10.0,4,0.0,Yes,Yes,197,4.0,0.0,5.0,9,1.0,0,0,0,0.0,0,1,205,20,0,169.0,20,3.0,70,7.0,41,18.0,172,45.0,283,70,28,42,,No,,,95,0,48,95,120.0,,,307130.0,6394,1819,0,8213,2000,14773,1416,16189,0,0.0,0,30288,49269,66400,53600,1400,81470,282427,308829,2000000,588534.0,,,,,,,,No,
12,2009,8.0,0,0.0,,,189,11.0,0.0,0.0,11,3.0,0,0,0,0.0,0,3,197,20,0,161.0,30,,64,7.0,33,5.0,183,51.0,280,63,63,45,,No,0.0,,92,0,35,95,120.0,,,305214.0,9000,2750,0,11750,1000,8548,0,8548,500,,500,24142,44397,44864,53136,0,132539,299078,320876,2045000,605724.0,,,,,,,,No,
13,2008,8.0,3,0.0,,,185,3.0,0.0,5.0,8,0.0,0,0,2,2.0,2,4,189,12,0,160.0,20,,60,11.0,18,10.0,208,70.0,286,91,91,42,,No,0.0,,100,0,21,90,115.0,,,309802.0,7398,3723,0,11121,0,9104,0,9104,500,,500,13155,60515,34580,42800,2109,129332,282491,303216,2045858,622347.0,,,,,,,,No,
14,2007,10.0,0,0.0,,,179,12.0,2.0,0.0,14,0.0,0,0,8,8.0,0,8,185,11,0,168.0,9,,61,15.0,11,5.0,204,60.0,276,80,80,44,,No,0.0,,77,0,17,90,115.0,,,348717.0,9305,2717,1400,13422,8747,26253,0,26253,600,,600,7602,64484,25420,36102,7363,142490,283461,332483,2045858,646090.0,,,,,,,,No,
15,2006,12.0,1,0.0,,,205,3.0,0.0,3.0,6,0.0,0,0,32,32.0,0,32,179,9,0,203.0,21,,68,30.0,26,6.0,200,93.0,294,129,129,60,,No,0.0,,0,0,29,90,115.0,,,417777.0,11123,13326,1685,26134,2500,32585,0,32585,100,,100,24122,64484,41153,42945,6940,168331,347975,409294,2043784,671630.0,,,,,,,,No,
16,2005,,19,0.0,,,200,7.0,0.0,0.0,7,0.0,0,0,2,2.0,0,2,205,10,0,283.0,30,,91,30.0,78,11.0,251,76.0,420,117,117,71,,No,0.0,,0,0,78,205,78.0,,,580363.0,41182,17774,867,59823,11159,33150,0,33150,19130,,19130,71220,61155,47620,50247,13612,189341,433195,556457,2029685,697340.0,,,,,,,,Yes,0.1178
17,2004,,5,0.0,,,170,34.0,0.0,0.0,34,1.0,0,2,1,3.0,0,4,200,12,0,228.0,29,,68,40.0,96,26.0,232,96.0,396,162,162,95,,No,0.0,,0,0,96,200,28.0,,,710546.0,30310,17313,100,47723,8213,25053,0,25053,14080,,14080,328608,21333,53674,57190,2857,185672,649334,744403,2000000,704173.0,,,,,,,,Yes,
18,2003,,5,0.0,,,169,20.0,0.0,3.0,23,2.0,11,0,0,11.0,9,22,170,12,0,223.0,38,,53,25.0,45,18.0,282,65.0,380,108,108,0,,No,0.0,,0,0,45,170,53.0,,,559915.0,33930,2783,0,36713,9194,28147,0,28147,16161,,16161,89791,7288,48098,80404,2895,115850,344326,434541,250000,0.0,,,,,,,,Yes,
19,2002,,16,0.0,,,152,20.0,1.0,4.0,25,1.0,0,0,0,0.0,7,8,169,23,0,266.0,24,,54,25.0,90,33.0,206,86.0,350,144,144,0,,No,0.0,,140,0,64,169,103.0,,,539843.0,30596,2991,625,34212,8119,24223,100,24323,13919,,13919,111036,3627,37692,105859,4571,145624,408409,488982,230000,0.0,,,,,,,,Yes,
20,2001,,11,0.0,,,157,20.0,1.0,2.0,23,1.0,13,4,1,18.0,9,28,152,10,0,255.0,12,,64,35.0,65,47.0,222,71.0,351,153,153,45,,No,0.0,,120,0,58,152,103.0,,,488954.0,28104,7153,0,35257,7615,21939,0,21939,13055,,13055,60203,14506,25012,52782,4359,135447,292309,370175,856000,113000.0,,,,,,,,Yes,0.1044
21,2000,,6,0.0,,,145,9.0,0.0,6.0,15,1.0,0,0,0,0.0,2,3,157,15,0,215.0,12,,86,35.0,91,40.0,113,53.0,290,128,128,60,,No,0.0,,90,0,41,157,93.0,,,441665.0,26076,2886,0,28962,4895,16352,0,16352,8391,,8391,10122,19372,33885,35043,2873,129876,231171,289771,636000,95000.0,,,,,,,,Yes,0.1099
22,1999,,2,0.0,,,137,10.0,0.0,17.0,27,2.0,15,0,2,17.0,0,19,145,15,0,173.0,7,,37,19.0,62,24.0,161,60.0,260,103,103,60,,No,0.0,,0,0,70,145,25.0,,,235675.0,17380,1290,710,19380,3282,10997,0,10997,5626,,5626,13169,14506,14500,27737,4490,89481,163883,203168,550000,123831.0,,,,,,,,Yes,0.1
23,1998,,2,0.0,,,130,5.0,2.0,2.0,9,0.0,0,0,0,0.0,2,2,137,31,0,124.0,6,,52,16.0,36,7.0,92,59.0,180,82,82,0,,No,0.0,,102,0,38,76,10.0,,,147884.0,10793,3487,0,14280,2711,8705,0,8705,4648,,4648,0,14506,12510,25366,1913,70238,124533,154877,450000,130000.0,,,,,,,,Yes,
24,1997,,10,0.0,,,143,7.0,3.0,0.0,10,2.0,14,0,2,16.0,5,23,130,0,0,102.0,5,,30,17.0,34,10.0,134,46.0,198,73,73,0,,No,0.0,,90,0,34,45,20.0,,,129221.0,8440,2978,0,11418,2287,8118,0,8118,3921,,3921,8280,14506,9838,28048,881,47954,109507,135251,450000,115500.0,,,,,,,,Yes,
25,1996,,0,0.0,,,133,9.0,0.0,6.0,15,3.0,0,0,0,0.0,2,5,143,0,0,92.0,6,,49,16.0,38,14.0,96,34.0,183,64,64,0,,No,0.0,,65,0,41,40,20.0,,,128824.0,7056,1782,0,8838,1912,7108,0,7108,4197,,4197,15125,14506,9694,20538,1424,38473,99760,121815,450000,126505.0,,,,,,,,Yes,
26,1995,,6,0.0,,,134,7.0,0.0,2.0,9,0.0,0,4,0,4.0,6,10,133,0,0,92.0,6,,56,19.0,24,9.0,105,37.0,185,65,65,0,,No,0.0,,6,92,30,22,29.0,,,117165.0,7092,1579,15,8686,1876,6785,211,6996,3216,,3216,13203,14531,10374,20956,638,25289,84991,105765,450000,141011.0,,,,,,,,Yes,
27,1994,,4,0.0,,,128,11.0,0.0,5.0,16,1.0,4,1,0,5.0,4,10,134,0,0,109.0,6,,78,26.0,43,15.0,111,38.0,232,79,79,0,,No,0.0,,95,0,43,22,29.0,,,126659.0,7643,1475,0,9118,2071,7726,0,7726,3550,,3550,62768,12488,10256,21857,546,24645,132560,155025,150000,150000.0,,,,,,,,Yes,
28,1993,,0,0.0,,,116,11.0,0.0,1.0,12,0.0,0,0,0,0.0,0,0,128,0,0,103.0,6,,72,26.0,45,13.0,104,38.0,221,77,77,0,,No,0.0,,92,0,45,22,29.0,,,114589.0,6069,2834,25,8928,1644,5819,0,5819,2819,0.0,2819,4780,11832,10127,20777,794,28190,76500,95710,150000,65000.0,,,,,,,,Yes,
29,1992,,5,0.0,,,111,6.0,0.0,2.0,8,2.0,0,1,0,1.0,0,3,116,0,0,101.0,6,,68,25.0,17,5.0,116,42.0,201,72,72,0,,No,0.0,,105,0,18,22,29.0,,,94589.0,6102,2806,80,8988,1653,5759,0,5759,2835,0.0,2835,9530,11852,8778,20870,1240,24104,76374,95609,450000,70812.0,,,,,,,,Yes,
30,1991,,0,0.0,,,105,7.0,0.0,3.0,10,1.0,3,0,0,3.0,0,4,111,20,0,97.0,7,,53,27.0,17,8.0,95,35.0,165,70,70,0,,No,0.0,,96,0,25,27,20.0,,,96465.0,5971,3304,0,9275,1618,5655,102,5757,2774,0.0,2774,0,11832,12442,17790,1050,19587,62701,82125,450000,75664.0,,,,,,,,Yes,
31,1990,,0,0.0,,,105,2.0,0.0,4.0,6,0.0,0,6,0,6.0,0,6,105,32,0,88.0,7,,46,27.0,13,6.0,89,31.0,148,64,64,0,,No,0.0,,70,0,8,1,44.0,,,80377.0,4142,937,139,5218,1122,3951,0,3951,1924,0.0,1924,6969,11832,13522,18731,945,15324,67323,79538,242000,79900.0,,,,,,,,Yes,
32,1989,,4,0.0,,,112,1.0,0.0,0.0,1,1.0,0,0,0,7.0,0,8,105,0,0,82.0,6,,38,26.0,10,4.0,71,31.0,119,61,61,0,,No,0.0,,80,0,13,66,0.0,,,56834.0,3227,1079,153,4459,920,3490,60,3550,1513,0.0,1513,22832,10846,7800,5728,461,16735,64402,74844,242000,85038.0,,,,,,,,Yes,
33,1988,,0,0.0,,,98,10.0,0.0,6.0,16,1.0,0,0,0,0.0,1,2,112,0,0,78.0,4,,39,25.0,12,5.0,77,29.0,128,59,59,0,,Yes,104.0,,72,0,16,42,0.0,,,65812.0,1713,584,33,2330,461,2001,10,2011,803,0.0,803,4200,11832,8647,3951,200,13333,42163,47768,242000,88605.0,,,,,,,,Yes,
34,1987,,0,0.0,,,100,6.0,0.0,3.0,9,2.0,0,0,0,3.0,6,11,98,0,0,60.0,3,,23,16.0,11,4.0,58,21.0,92,41,41,0,,Yes,52.0,,57,0,36,50,0.0,,,47058.0,1319,295,0,1614,355,1407,0,1407,619,0.0,619,4109,12917,6928,2526,0,12542,39022,43017,242000,90535.0,,,,,,,,Yes,
35,1986,,0,0.0,,,105,0.0,0.0,4.0,4,1.0,0,0,0,4.0,4,9,100,0,0,58.0,8,,20,17.0,17,8.0,47,20.0,84,45,45,0,,Yes,52.0,,83,0,18,46,0.0,,,40167.0,824,251,4,1079,745,1035,0,1035,0,,0,5983,10805,5591,1746,0,13392,37517,40376,242000,93868.0,,,,,,,,No,
36,1985,,0,0.0,,,105,2.0,0.0,0.0,2,0.0,0,0,0,2.0,0,2,105,0,0,80.0,0,,27,21.0,10,10.0,71,29.0,108,60,60,0,,,,,97,0,26,95,0.0,,,47327.0,1424,421,4,1849,819,682,0,682,1712,0.0,1712,7881,11009,5423,1642,0,14289,40244,45306,242000,96109.0,,,,,,,,,
37,1984,,0,0.0,,,103,3.0,0.0,4.0,7,2.0,0,0,0,0.0,3,5,105,0,0,80.0,0,,25,24.0,12,8.0,47,26.0,84,58,58,0,,,,,0,0,25,53,0.0,,,43833.0,2180,346,154,2680,585,2497,0,2497,1324,0.0,1324,4175,11616,7157,2559,0,13237,38744,45830,242000,99210.0,,,,,,,,Yes,
38,1983,,0,0.0,,,98,4.0,5.0,6.0,15,3.0,0,0,0,0.0,7,10,103,0,0,75.0,0,,35,22.0,25,12.0,62,29.0,122,63,63,0,,,,,51,0,0,74,0.0,,,37464.0,1240,608,26,1874,0,161,0,161,1860,0.0,1860,9414,8653,9870,1418,0,6311,35666,39561,242000,0.0,,,,,,,,,
39,1982,,0,0.0,,,97,2.0,0.0,0.0,2,1.0,0,0,0,0.0,0,1,98,0,0,90.0,0,,40,20.0,32,16.0,53,25.0,125,61,61,0,,,,,48,0,36,72,0.0,,,39847.0,1539,445,85,2069,0,54,0,54,0,,0,8225,12009,6640,1806,0,7961,36641,38764,242000,103743.0,,,,,,,,,
40,1981,,5,0.0,,,87,12.0,0.0,1.0,13,1.0,0,0,0,0.0,2,3,97,0,0,90.0,0,,50,26.0,35,16.0,71,38.0,156,80,80,0,,,,,48,0,36,72,0.0,,,39091.0,2520,415,85,3020,468,1522,0,1522,0,,0,5145,10427,6270,350,0,11898,34090,39100,234000,104486.0,,,,,,,,,
41,1980,,3,0.0,,,80,6.0,2.0,1.0,9,0.0,0,0,0,0.0,2,2,87,0,0,83.0,0,,45,23.0,22,12.0,82,36.0,149,71,71,0,,,,,57,0,20,66,0.0,,,30512.0,2449,326,5,2780,550,1464,0,1464,1015,0.0,1015,4078,6132,4990,0,0,9634,24834,30643,202335,108361.0,,,,,,,,,
42,1979,,11,0.0,,,69,9.0,0.0,4.0,13,0.0,0,0,0,0.0,2,2,80,0,0,76.0,0,,44,28.0,15,12.0,70,30.0,129,70,70,0,,,,,65,0,28,58,0.0,,,29152.0,1850,234,12,2096,410,1029,0,1029,1120,0.0,1120,4503,5807,3425,0,0,10304,24039,28694,191000,108636.0,,,,,,,,,
43,1978,,0,0.0,,,60,5.0,2.0,3.0,10,1.0,0,0,0,0.0,0,1,69,0,0,78.0,0,,64,30.0,16,8.0,73,32.0,153,70,70,0,,,,,67,0,2,57,0.0,,,22843.0,2104,207,14,2325,302,867,0,867,836,0.0,836,2825,5670,2870,0,0,7388,18753,23083,176000,110141.0,,,,,,,,,
44,1977,,0,0.0,,,57,6.0,4.0,0.0,10,0.0,0,0,0,7.0,0,7,60,0,0,77.0,0,,62,33.0,19,6.0,64,29.0,145,68,68,0,,,,,87,0,0,52,0.0,,,17823.0,1555,496,10,2061,68,361,0,361,186,0.0,186,1802,5670,1530,410,0,6459,15871,18547,165000,111530.0,,,,,,,,,
45,1976,,0,0.0,,,58,0.0,0.0,4.0,4,1.0,0,0,0,0.0,4,5,57,0,0,,0,,1,,0,,9,,10,46,46,0,,,,,24,0,0,30,0.0,,,17979.0,490,228,0,718,220,580,0,580,590,0.0,590,8898,917,540,440,0,4297,15092,17200,155000,112799.0,,,,,,,,,
46,1975,,0,0.0,,,64,1.0,1.0,8.0,10,1.0,0,0,0,13.0,2,16,58,0,0,,0,,2,,0,,8,,53,30,30,0,,,,,0,0,0,24,4.0,,,5879.0,440,15,24,479,40,118,0,118,107,0.0,107,0,0,70,0,0,5352,5422,6166,22500,0.0,,,,,,,,,
47,1974,,0,0.0,,,63,0.0,0.0,1.0,1,0.0,0,0,0,0.0,0,0,64,0,0,,0,,14,,0,,6,,82,17,17,0,,,,,0,0,0,18,4.0,,,4989.0,95,0,0,95,0,75,0,75,9,0.0,9,1695,0,0,0,0,939,2634,2813,0,0.0,,,,,,,,,
48,1973,,0,,,,63,0.0,0.0,4.0,4,0.0,0,0,0,4.0,0,4,63,0,0,,0,,31,,12,,36,,82,28,28,0,,,,,0,0,13,18,4.0,,,3853.0,150,2,18,170,0,263,0,263,76,0.0,76,1735,0,0,0,0,862,2597,3106,25000,0.0,,,,,,,,,
49,1972,,0,,,,56,7.0,0.0,0.0,7,0.0,0,0,0,0.0,0,0,63,0,0,,0,,61,,25,,59,,149,33,33,0,,,,,39,0,10,30,13.0,,,3602.0,331,48,31,410,110,210,0,210,155,0.0,155,0,0,1560,0,0,1395,2955,3840,25000,0.0,,,,,,,,,
50,1971,,0,,,,52,5.0,0.0,0.0,5,1.0,0,0,0,0.0,0,1,56,0,0,,0,,57,,30,,58,,154,27,27,0,,,,,0,0,0,29,9.0,,,3673.0,222,7,22,251,53,183,0,183,115,0.0,115,15,0,1560,0,0,1150,2725,3327,25000,0.0,,,,,,,,,
51,1970,,0,,,,48,4.0,0.0,0.0,4,0.0,0,0,0,0.0,0,0,52,0,0,,0,,56,,19,,62,,144,28,28,0,,,,,0,0,14,20,16.0,,,2532.0,174,50,21,245,42,50,0,50,50,0.0,50,0,0,1515,0,0,768,2283,2670,25000,0.0,,,,,,,,,
52,1969,,0,,,,48,0.0,0.0,0.0,0,0.0,0,0,0,0.0,0,0,48,0,0,,0,,55,,22,,74,,153,37,37,0,,,,,0,0,14,18,19.0,,,2406.0,148,36,22,206,31,80,15,95,65,0.0,65,290,0,600,75,0,1044,2009,2406,25000,0.0,,,,,,,,,
53,1968,,0,,,,47,2.0,0.0,0.0,2,1.0,0,0,0,0.0,0,1,48,0,0,,0,,20,,0,,7,,153,37,37,0,,,,,0,0,14,18,,,,2406.0,148,36,22,206,31,30,65,95,65,0.0,65,290,0,600,75,0,1044,2009,2406,25000,,,,,,,,,,
54,1967,,0,,,,39,8.0,0.0,0.0,8,0.0,0,0,0,0.0,0,0,47,0,0,,0,,26,,0,,5,,133,34,34,0,,,,,49,0,15,16,,,,2202.0,99,10,27,136,38,50,30,80,2,0.0,2,642,0,600,59,0,645,1946,2202,22000,,,,,,,,,,
55,1966,,0,,,,34,5.0,0.0,0.0,5,0.0,0,0,0,0.0,0,0,39,0,0,,0,,25,,0,,6,,125,44,44,0,,,,,43,0,22,26,,,,1987.0,135,45,23,203,28,45,73,118,36,0.0,36,50,0,600,40,0,912,1602,1987,21000,,,,,,,,,,
56,1965,,0,,,,35,1.0,0.0,0.0,1,2.0,0,0,0,0.0,0,2,34,0,0,,0,,20,,0,,6,,89,36,36,0,,,,,42,0,16,23,,,,1563.0,88,5,3,96,22,25,15,40,50,0.0,50,158,0,550,0,0,647,1355,1563,20000,,,,,,,,,,
57,1964,,0,,,,28,9.0,1.0,0.0,10,1.0,0,0,0,0.0,2,3,35,0,0,,0,,12,,0,,5,,57,34,34,0,,,,,0,0,16,24,,,,1368.0,80,8,15,103,20,70,28,98,50,0.0,50,279,0,0,0,101,717,1097,1368,16000,,,,,,,,,,
58,1963,,0,,,,59,0.0,0.0,0.0,0,1.0,0,0,0,30.0,0,31,28,0,0,,0,,12,,0,,5,,57,38,38,0,,,,,0,0,9,21,,,,980.0,69,20,8,97,23,35,4,39,25,0.0,25,0,0,176,0,0,620,796,980,15600,,,,,,,,,,
59,1962,,0,,,,57,2.0,0.0,0.0,2,0.0,0,0,0,0.0,0,0,59,0,0,,0,,20,,0,,4,,67,28,28,0,,,,,37,0,0,38,,,,1158.0,119,10,26,155,0,65,25,90,50,0.0,50,0,0,500,0,0,363,863,1158,15000,,,,,,,,,,
60,1961,,0,,,,57,0.0,0.0,0.0,0,0.0,0,0,0,0.0,0,0,57,0,0,,0,,35,,0,,6,,77,36,36,0,,,,,0,0,23,28,,,,2136.0,155,32,17,204,34,40,25,65,30,0.0,30,0,0,1000,0,436,367,1803,2136,10000,,,,,,,,,,
61,1960,,0,,,,58,0.0,3.0,58.0,61,2.0,0,0,0,2.0,58,62,57,0,0,,0,,35,,0,,6,,77,36,36,0,,,,,0,0,17,28,9.0,,,,155,32,17,204,34,40,25,65,30,0.0,30,0,0,1000,0,436,367,1803,2136,10000,0.0,,,,,,,,,
62,1959,,0,,,,56,1.0,1.0,0.0,2,0.0,0,0,0,0.0,0,0,58,0,0,,0,,25,,0,,6,,74,33,33,0,,,,,55,0,25,30,19.0,,,,136,150,8,294,0,30,20,50,30,0.0,30,300,0,936,0,80,307,1623,1997,15000,0.0,,,,,,,,,
63,1958,,0,,,,59,2.0,0.0,0.0,2,0.0,0,0,0,5.0,0,5,56,0,0,,0,,46,,0,,6,,93,41,41,0,,,,,0,0,25,33,14.0,,,,190,119,13,322,0,40,20,60,30,0.0,30,160,0,750,0,75,294,1279,1691,15500,0.0,,,,,,,,,
64,1957,,0,,,,54,4.0,0.0,1.0,5,0.0,0,0,0,0.0,0,0,59,0,0,,0,,10,,0,,6,,52,42,42,0,,,,,57,0,25,32,15.0,,,,150,128,31,309,0,30,20,50,30,0.0,30,0,0,750,0,100,305,1155,1544,10000,0.0,,,,,,,,,
65,1956,,0,,,,37,16.0,1.0,0.0,17,0.0,0,0,0,0.0,0,0,54,0,0,,0,,54,,0,,6,,104,46,46,0,,,,,64,0,25,33,11.0,,,,106,50,32,188,0,30,56,86,0,0.0,0,0,0,653,0,0,256,909,1183,10000,0.0,,,,,,,,,
66,1955,,0,,,,25,12.0,0.0,1.0,13,0.0,0,0,0,0.0,1,1,37,0,0,,0,,49,,0,,6,,100,40,40,0,,,,,61,0,15,26,7.0,,,,100,25,28,153,0,30,31,61,40,0.0,40,0,0,652,0,0,426,1078,1332,10000,0.0,,,,,,,,,
67,1954,,0,,,,32,0.0,0.0,0.0,0,1.0,0,0,0,6.0,0,7,25,0,0,,0,,35,,0,,6,,76,28,28,0,,,,,0,0,10,17,11.0,,,,100,38,28,166,0,30,16,46,35,0.0,35,0,0,668,0,0,476,1144,1391,10000,0.0,,,,,,,,,
68,1953,,0,,,,29,3.0,0.0,0.0,3,0.0,0,0,0,0.0,0,0,32,0,0,,0,,33,,0,,5,,73,30,30,0,,,,,14,0,8,16,1.0,,,,115,0,4,119,33,35,18,53,15,0.0,15,0,0,918,0,0,267,1185,1405,10000,0.0,,,,,,,,,
69,1952,,0,,,,30,0.0,0.0,0.0,0,1.0,0,0,0,0.0,0,1,29,0,0,,0,,0,,0,,7,,63,35,35,0,,,,,20,0,12,10,6.0,,,,115,7,4,126,32,40,38,78,35,0.0,35,125,0,885,0,0,408,1418,1689,10000,0.0,,,,,,,,,
70,1951,,0,,,,33,1.0,0.0,0.0,1,1.0,0,0,0,3.0,0,4,30,0,0,,0,,0,,0,,7,,126,38,38,0,,,,,50,0,12,8,7.0,,,,115,0,4,119,0,21,0,21,0,,0,492,0,980,0,0,489,1961,2101,10000,0.0,,,,,,,,,
71,1950,,0,,,,27,6.0,0.0,0.0,6,0.0,0,0,0,0.0,0,0,33,0,0,,0,,0,,0,,6,,72,42,42,0,,,,,76,0,14,10,6.0,,,,115,0,6,121,0,62,16,78,19,0.0,19,457,0,800,0,34,229,1520,1738,10000,0.0,,,,,,,,,
72,1949,,0,,,,27,3.0,0.0,0.0,3,2.0,0,0,0,0.0,1,3,27,0,0,,0,,0,,0,,7,,64,33,33,0,,,,,28,0,14,9,7.0,,,,100,0,6,106,0,62,6,68,28,0.0,28,0,0,711,0,0,240,951,1153,10000,0.0,,,,,,,,,
73,1948,,0,,,,16,11.0,0.0,0.0,11,0.0,0,0,0,0.0,0,0,27,0,0,,0,,0,,0,,6,,46,35,35,0,,,,,0,0,8,6,10.0,,,,100,0,0,100,0,45,36,81,28,0.0,28,0,0,624,0,192,409,1225,1434,10000,0.0,,,,,,,,,
74,1947,,0,,,,19,2.0,0.0,0.0,2,0.0,0,0,0,5.0,0,5,16,0,0,,0,,0,,0,,3,,20,20,20,0,,,,,0,0,15,6,7.0,,,,75,0,0,75,0,10,7,17,25,0.0,25,24,0,600,0,0,452,1076,1193,10000,0.0,,,,,,,,,
75,1946,,0,,,,32,2.0,0.0,0.0,2,0.0,0,0,0,15.0,0,15,19,0,0,,0,,6,,0,,8,,36,37,37,0,,,,,0,0,6,16,4.0,,,,100,4,0,104,17,16,50,66,95,0.0,95,31,0,1325,176,223,107,1862,2144,10000,0.0,,,,,,,,,
76,1945,,0,,,,32,0.0,0.0,0.0,0,0.0,0,0,0,0.0,0,0,32,0,0,,0,,6,,0,,0,,61,33,33,0,,,,,16,0,10,12,8.0,,,,144,0,6,150,0,73,44,117,30,0.0,30,0,0,1557,0,103,593,2253,2550,10000,0.0,,,,,,,,,
77,1944,,0,,,,51,4.0,0.0,51.0,55,1.0,0,0,0,22.0,51,74,32,0,0,,0,,6,,0,,0,,64,44,44,0,,,,,0,0,18,9,6.0,,,,157,41,6,204,2,24,9,33,114,0.0,114,0,0,1527,0,0,304,1831,2184,10000,0.0,,,,,,,,,
78,1943,,0,,,,51,0.0,0.0,0.0,0,0.0,0,0,0,0.0,0,0,51,0,0,,0,,12,,0,,0,,84,45,45,0,,,,,0,0,16,14,6.0,,,,107,0,17,124,0,43,12,55,30,0.0,30,327,627,886,0,16,236,2092,2301,10500,0.0,,,,,,,,,
79,1942,,0,,,,51,3.0,0.0,3.0,6,1.0,0,0,0,5.0,0,6,51,0,0,,0,,9,,0,,0,,77,39,39,0,,,,,0,0,19,12,2.0,,,,84,0,6,90,0,36,42,78,20,0.0,20,3,400,564,0,6,439,1412,1600,2000,600.0,,,,,,,,,
80,1941,,0,,,,59,0.0,0.0,0.0,0,0.0,0,0,0,4.0,4,8,51,0,0,,0,,4,,0,,0,,75,47,47,0,,,,,0,0,12,8,3.0,,,,68,5,4,77,0,26,4,30,14,0.0,14,4,168,726,0,0,288,1186,1307,2000,986.0,,,,,,,,,
81,1940,,0,,,,61,4.0,0.0,2.0,6,0.0,6,0,0,6.0,2,8,59,0,0,,0,,9,,0,,0,,83,58,58,0,,,,,0,0,11,31,7.0,,,,3,0,0,3,0,45,0,45,37,0.0,37,0,100,778,0,0,572,1450,1535,2000,1150.0,,,,,,,,,
82,1939,,0,,,,55,6.0,1.0,3.0,10,0.0,0,1,0,1.0,3,4,61,0,0,,0,,47,,0,,0,,167,64,64,0,,,,,0,0,15,31,8.0,,,,14,0,0,14,0,54,0,54,20,0.0,20,84,37,822,0,0,216,1159,1247,2000,1250.0,,,,,,,,,
83,1938,,0,,,,64,3.0,0.0,4.0,7,0.0,14,0,0,14.0,2,16,55,0,0,,0,,48,,0,,0,,164,74,74,0,,,,,0,0,13,28,5.0,,,,30,0,0,30,0,54,12,66,14,0.0,14,3,281,971,0,0,309,1564,1674,2000,1250.0,,,,,,,,,
84,1937,,0,,,,63,1.0,1.0,0.0,2,1.0,0,0,0,0.0,0,1,64,0,0,,0,,53,,0,,0,,172,67,67,0,,,,,0,0,0,25,10.0,,,,16,0,0,16,0,36,0,36,10,0.0,10,157,100,618,0,0,144,1019,1081,2000,1400.0,,,,,,,,,
85,1936,,0,,,,63,4.0,0.0,0.0,4,0.0,0,0,0,0.0,4,4,63,0,0,,0,,54,,0,,0,,246,102,102,0,,,,,0,0,16,0,0.0,,,,54,0,0,54,0,55,0,55,14,0.0,14,600,0,664,0,40,404,1708,1831,3500,1500.0,,,,,,,,,
86,1935,,0,,,,57,11.0,0.0,0.0,11,0.0,5,0,0,5.0,0,5,63,0,0,,0,,47,,0,,0,,189,90,90,0,,,,,0,0,16,23,5.0,,,,53,0,7,60,0,29,2,31,0,,0,0,0,919,0,0,454,1373,1464,0,0.0,,,,,,,,,
87,1934,,0,,,,44,14.0,3.0,1.0,18,0.0,2,0,0,2.0,3,5,57,0,0,,0,,30,,0,,0,,166,88,88,0,,,,,0,0,33,18,6.0,,,,43,0,20,63,0,24,0,24,2,0.0,2,100,25,564,0,16,379,1084,1173,8000,1975.0,,,,,,,,,
88,1933,,0,,,,35,9.0,0.0,1.0,10,0.0,1,0,0,1.0,0,1,44,0,0,,0,,29,,0,,0,,191,103,103,0,,,,,0,0,36,16,3.0,,,,19,0,0,19,0,6,0,6,0,,0,0,0,417,0,0,398,815,840,0,0.0,,,,,,,,,
89,1932,,0,,,,0,,,,35,,0,0,0,,0,0,35,0,0,,0,,14,,0,,15,,163,103,103,0,,,,,0,0,20,0,0.0,,,,0,0,0,0,0,0,0,0,0,,0,0,0,365,0,0,308,673,673,0,0.0,,,,,,,,,
